Marnie|Jennings|Johnson City|TN|STUDENT|02/17/2018|MarnieJennings.jpg
Bob|Jenson|TN|Knoxville|SENIOR|01/01/2015|BobJenson.jpg
Byleth|Eisner|Garreg Mach|FN|PROFESSOR|10/20/2015|BylethEisner.jpg
Velvet|Crowe|Aball|EG|LIFETIME|05/12/2020|VelvetCrowe.jpg
Alm|Rudolf|Zofia|VL|DELIVERER|09/30/-675|AlmRudolf.jpg
Chrom|Ylisse|Ylisse|AA|SENIOR|07/21/1175|ChromYlisse.jpg
Yuri|Lowell|Zaphias|TL|JUNIOR|09/22/2018|YuriLowell.jpg
Apollo|Justice|Bristol|VA|STUDENT|02/20/2020|ApolloJustice.jpg
Claude|Wallace|Gallia|EU|OFFICER|04/21/2016|ClaudeWallace.jpg
Estellise|Heurassein|Zaphias|TL|PROVISIONAL|07/20/2018|EstelliseHeurassein.jpg
Laphicet|Crowe|Aball|EG|STUDENT|05/20/2020|LaphicetCrowe.jpg